{"intents": [
        {"tag": "greeting",
         "patterns": ["Hi there", "How are you", "Is anyone there?","Hey","Hola", "Hello", "Good day"],
         "responses": ["Hello, thanks for asking", "Good to see you again", "Hi there, how can I help?"],
         "context": [""]
        },
        {"tag": "goodbye",
         "patterns": ["Bye", "See you later", "Goodbye", "Nice chatting to you, bye", "Till next time"],
         "responses": ["Bye ","All the best for your future","Best wishesh, Bye"],
         "context": [""]
        },
        {"tag": "thanks",
         "patterns": ["Thanks", "Thank you", "That's helpful", "Awesome, thanks", "Thanks for helping me"],
         "responses": ["Happy to help!", "Any time!", "My pleasure"],
         "context": [""]
        },
        {"tag": "noanswer",
         "patterns": [],
         "responses": ["Sorry, can't understand you", "Please give me more info", "Not sure I understand"],
         "context": [""]
        },
        {"tag": "options",
         "patterns": ["How you could help me?", "What you can do?", "What help you provide?", "How you can be helpful?", "What support is offered"],
         "responses": ["I can guide you through Career, Future guidance"],
         "context": [""]
        },
        {"tag": "Field",
         "patterns": ["What's your interest after 10th?"], 
         "responses": ["Science,Arts,Commerce"],
         "context": [""]
        },
        {"tag": "Science",
         "patterns": [ "Give me field of science"],
         "responses": ["Engineering","Medical","POlytechnique","IT", "Web Technology","MTech","BCA"],
         "context": [""]
        },
        {"tag": "Commerce",
         "patterns": ["Give me field of Commerce"],
         "responses": [""],
         "context": [""]
        } 
   ]
}
